kuupaev,tuba,muudud_oid,broneeringuid,tulu_eur,sissemakseid
2026-10-01,101,1,1,100.00,1
2026-10-01,102,1,1,150.00,1
2026-10-01,103,1,1,225.00,1
2026-10-02,101,1,1,100.00,0
2026-10-02,102,1,1,150.00,0
2026-10-02,103,1,1,225.00,0
2026-10-03,101,1,1,100.00,0
2026-10-03,102,1,1,150.00,1
2026-10-03,103,1,1,225.00,1
2026-10-04,101,0,0,0.00,0
2026-10-04,102,0,0,0.00,0
2026-10-04,103,0,0,0.00,0
2026-10-05,101,0,0,0.00,0
2026-10-05,102,1,1,150.00,1
2026-10-05,103,1,1,225.00,0
2026-10-06,101,0,0,0.00,0
2026-10-06,102,1,1,150.00,0
2026-10-06,103,1,1,225.00,0
2026-10-07,101,1,1,100.00,0
2026-10-07,102,1,1,150.00,1
2026-10-07,103,1,1,225.00,0
2026-10-08,101,0,0,0.00,0
2026-10-08,102,1,1,150.00,1
2026-10-08,103,0,0,0.00,0
2026-10-09,101,1,1,100.00,0
2026-10-09,102,1,1,150.00,0
2026-10-09,103,1,1,225.00,1
2026-10-10,101,1,1,100.00,1
2026-10-10,102,1,1,150.00,1
2026-10-10,103,1,1,225.00,0
2026-10-11,101,1,1,100.00,1
2026-10-11,102,1,1,150.00,1
2026-10-11,103,1,1,225.00,1
2026-10-12,101,1,1,100.00,0
2026-10-12,102,1,1,150.00,1
2026-10-12,103,1,1,225.00,0
2026-10-13,101,1,1,100.00,1
2026-10-13,102,1,1,150.00,1
2026-10-13,103,1,1,225.00,0
2026-10-14,101,1,1,100.00,1
2026-10-14,102,1,1,150.00,0
2026-10-14,103,1,1,225.00,1
